食品分類,資料類別,整合編號,樣品名稱,CLUSTER,俗名,樣品英文名稱,內容物描述,修正熱量,果糖,水分,熱量,粗脂肪,粗蛋白,糖質總量,維生素A總量(IU),維生素B1,維生素B2,維生素B6,維生素C,維生素E總量,維生素K1,總碳水化合物,膳食纖維,葉酸,葡萄糖,蔗糖,鈉,鈣,鉀,銅,鋅,錳,鎂,鐵,飽和脂肪,麥芽糖
水果類,樣品基本資料,D2000401,七股香洋香瓜,3,"甜瓜,甘瓜,果瓜,香瓜,梨仔瓜,澎湖瓜,洋香瓜,網仔瓜,哈蜜瓜",Melon; Honeydew melon,"生鮮,網紋洋香瓜種,球形,綠皮橙肉系,去皮及籽,混合均勻打碎",39,3,88.4,40,0.1,0.6,7.9,1440,0.06,0.02,0.13,16.3,0.11,0,10.5,0.6,19.4,3,1.9,9,5,323,0,0.5,0,14,0.7,0,0
水果類,樣品基本資料,D4000101,人心果,1,"吳鳳柿,沙漠吉拉,查某囝仔,人蔘果",Sapodilla,"生鮮,去皮去子,混合均勻打碎",68,0,77.5,83,0.8,0.6,0,33,0,0.01,0.03,39,0,0,20.5,9,0,0,0,10,18,250,0,0.1,0,10,0.2,0,0
水果類,樣品基本資料,D2100101,土芒果,3,"檬果,檨仔,菴羅果(柴檨,土檨仔)",Mango,"生鮮,本地種,去皮及心,混合均勻打碎",53,5.4,84.9,54,0.3,0.6,10.6,955,0.05,0.06,0.09,14.3,1.07,0,13.8,1,17.7,1.1,4,2,8,140,0.002,0.2,0,10,0.4,0.2,0
水果類,樣品基本資料,D1500101,土芭樂,1,"番石榴,芭樂,拔仔,扒仔,朳仔,那拔仔,藍拔",Guava,"生鮮,去蒂及籽,混合均勻打碎",31,0,88.8,39,0.1,0.7,0,155,0.03,0.01,0.03,80.7,0,0,10,5,0,0,0,5,4,150,0,0.2,0,6,0.1,0,0
水果類,樣品基本資料,D3000202,大雪梨,1,"梨子,水梨,山褵,快果,果宗",Pear,"生鮮,雪梨,去皮及核,混合均勻打碎",40,4.7,88.1,42,0.1,0.3,7.2,0,0.03,0.01,0.03,4.7,0.16,0,11.1,1.1,3,1.9,0.5,0,3,147,0.129,0.1,0,6,0.2,0,0.2
水果類,樣品基本資料,D1900401,小玉西瓜,1,"水瓜,寒瓜,夏瓜",Watermelon,"生鮮,黃肉小瓜,去皮及籽,混合均勻打碎",34,4.6,90.2,34,0.1,0.8,7.9,2,0.02,0.03,0.04,6.7,0.04,0,8.7,0.3,0,2.6,0.6,2,5,94,0,0.2,0,12,0.3,0,0
水果類,樣品基本資料,D0100101,山竹,1,"鳳果,都捻子,倒稔子,羅漢果,莽吉柿,果中之后",Mangosteen; Mangostan,"生鮮,去皮及子,混合均勻打碎",67,0,80.8,69,0.3,0.6,0,58,0.06,0.05,0.09,2.9,1.1,0,18.1,1.6,0,0,0,3,11,82,0,0.2,0,20,0.1,0,0
水果類,樣品基本資料,D2000402,天香洋香瓜,1,"甜瓜,甘瓜,果瓜,香瓜,梨仔瓜,澎湖瓜,洋香瓜,網仔瓜,哈蜜瓜",Melon; Honeydew melon;,"生鮮,網紋洋香瓜種,綠肉系,去皮及籽,混合均勻打碎",44,2.1,87.1,44,0,0.8,4.3,0,0.04,0.03,0.15,13.8,0.13,0,11.6,0.5,0,2.1,0,9,8,241,0,0.4,0,15,0.4,0,0
水果類,樣品基本資料,D2000101,太陽洋香瓜,1,"甜瓜,甘瓜,果瓜,香瓜,梨仔瓜,澎湖瓜,洋香瓜",Melon; Honeydew melon;,"生鮮,光皮洋香瓜種,橢圓形,黃皮白肉系,去皮及籽,混合均勻打碎",32,0,90.5,32,0,1.2,0,0,0.02,0.02,0.1,6.8,0.12,0,7.8,0.1,0,0,0,3,3,281,0,0.3,0,7,0.4,0,0
水果類,樣品基本資料,D3500101,文旦,1,"柚子,內紫,朱欒,香欒,座凡,拋,欒",Shaddocks; Pomelo; Pummelo,"生鮮,取果肉,混合均勻打碎",32,1.8,90.5,34,0.1,0.7,9.6,0,0.03,0.03,0.06,51.1,0.34,0,8.4,1.3,0,1.7,6,1,9,132,0,0.1,0,6,0.2,0.1,0
水果類,樣品基本資料,D0200104,木瓜(11月取樣),2,"番木瓜,番瓜",Papaya; Pawpaw,"生鮮,去皮及籽,混合均勻打碎",42,0,87.5,44,0.1,0.4,0,391,0.04,0.03,0.03,61.9,0.2,0,11.8,1.1,0,0,0,5,13,146,0,0.2,0,15,0.5,0,0
水果類,樣品基本資料,D0200101,木瓜(2月取樣),1,"番木瓜,番瓜",Papaya; Pawpaw,"生鮮,去皮及籽,混合均勻打碎",29,3,91,31,0.1,0.7,6.2,120,0.03,0.03,0.03,43.8,0.29,0,7.7,1.6,47.3,3.2,0,2,16,204,0,0.2,0,16,0.4,0,0
水果類,樣品基本資料,D0200102,木瓜(5月取樣),4,"番木瓜,番瓜",Papaya; Pawpaw,"生鮮,去皮及籽,混合均勻打碎",41,0,87.4,44,0.1,0.7,0,1883,0.03,0.04,0.08,79.1,0.3,0,11.3,1.5,0,0,0,4,39,209,0,0.1,0,16,0.1,0,0
水果類,樣品基本資料,D0200103,木瓜(8月取樣),1,"番木瓜,番瓜",Papaya; Pawpaw,"生鮮,去皮及籽,混合均勻打碎",31,0,90.3,33,0,0.5,0,266,0.03,0.03,0.24,48.2,0.4,0,8.8,1.4,0,0,0,3,22,186,0,0.3,0,14,0.1,0,0
水果類,樣品平均值,D02001,木瓜平均值,2,"番木瓜,番瓜",Papaya; Pawpaw,"生鮮,去皮及籽,切塊混合均勻打碎",36,3,89.1,38,0.1,0.6,6.2,665,0.03,0.03,0.09,58.3,0.3,0,9.9,1.4,47.3,3.2,0,3,23,186,0,0.2,0,15,0.3,0,0
水果類,樣品基本資料,D2800101,水蜜桃,1,"毛桃,白桃",Peach,"生鮮,水蜜桃,去籽,混合均勻打碎(white peach #4401)",38,0.4,88.6,40,0.1,0.9,6,244,0.01,0.03,0.03,6.6,1.2,0,9.9,1.3,0,0.3,5.4,3,5,187,0,0.4,0,9,0.2,0,0
水果類,樣品平均值,D28001,水蜜桃平均值,1,"毛桃,白桃",Peach,"生鮮,水蜜桃系,去籽,數顆混合均勻打碎",37,0.7,88.8,39,0.2,0.9,6.4,131,0.01,0.03,0.03,6.6,0.97,0,9.7,1.7,5.7,0.6,5.1,2,5,205,0.001,0.3,0,8,0.2,0,0
水果類,樣品基本資料,D2700301,牛心柿,2,"柿子,柹,香柿(水柿,浸柿,硬柿,脆柿)",Persimmon,"生鮮,脆澀柿,去皮,去蒂,混合均勻打碎",56,0,82.6,62,0.2,0.5,0,510,0.03,0,0.06,33.7,0.15,0,16.5,4,0,0,0,3,9,159,0,0.2,0,8,0.2,0,0
水果類,樣品基本資料,D1100204,牛奶鳳梨,1,"旺來,波羅,黃萊,黃梨,王萊(台農20號)",Pineapple,"生鮮,雜交種,去皮,混合均勻打碎",59,3.2,83.2,60,0.3,0.8,13.7,0,0.07,0.06,0.14,6.9,0.05,0,15.4,0.7,0,2.9,7.7,0,11,170,0,0.3,0,10,0.4,0.1,0
水果類,樣品基本資料,D1500201,牛乳芭樂,1,"番石榴,芭樂,拔仔,扒仔,朳仔,那拔仔,藍拔",Guava,"生鮮,去蒂及籽,混合均勻打碎",28,2.8,89.8,33,0.1,0.5,7.2,0,0.03,0.03,0.07,145.5,0.21,1.95,8.5,3.3,0,1.5,2.9,0,6,98,0,0.5,0,3,0.3,0,0
水果類,樣品基本資料,D1500202,世紀芭樂,1,"番石榴,芭樂,拔仔,扒仔,朳仔,那拔仔,藍拔",Guava,"生鮮,橢圓形,去蒂及籽,混合均勻打碎",34,0,88.7,40,0.1,0.7,0,26,0.03,0.04,0.25,131.2,0.23,0,10.3,3.4,0,0,0,0,15,160,0,0.3,0,6,0.2,0,0
水果類,樣品基本資料,D2400101,加州青李,1,李子,California plum,"生鮮,青皮黃肉,去子,混合均勻打碎",44,0,86.8,47,0.2,0.6,0,69,0.02,0.02,0.3,1.1,0.72,0,12,1.8,0,0,0,0,4,163,0,0.5,0,8,0,0,0
水果類,樣品基本資料,D2400301,加州紅李(台灣),1,李子,Plum,"生鮮,紅皮黃肉,去子,混合均勻打碎",42,0,88.2,45,0.6,0.3,0,116,0.02,0.02,0.03,3.8,0.16,0,10.6,1.7,0,0,0,0,6,105,0,0.2,0,6,0.3,0,0
水果類,樣品基本資料,D2400302,加州紅李(進口),2,李子,California plum,"生鮮,紅皮黃肉,去子,混合均勻打碎",58,0,83,60,0.3,0.8,0,420,0.02,0.05,0.05,10.8,0.49,0,15.3,1.5,0,0,0,4,5,168,0,0.3,0,8,0.1,0,0
水果類,樣品基本資料,D2400303,加州蜜李(進口),2,李子,California plum,"生鮮,紅皮黃肉,去子,混合均勻打碎",63,0,81.1,66,0.1,1.3,0,479,0.04,0.02,0.07,3.8,0.68,0,17.1,2.1,0,0,0,0,8,209,0,0.7,0,9,0,0,0
水果類,樣品基本資料,D3200401,加拉蘋果,1,"柰,林檎,沙果,海棠,花紅,檳子",Apple: Gala,"生鮮,混色,去皮及籽,混合均勻打碎",53,0,84.6,55,0.1,0.2,0,0,0.02,0.01,0.05,1.5,0.08,0,15,1.5,0,0,0,0,5,113,0,0.5,0,4,0,0,0
水果類,樣品基本資料,D0800201,"北蕉(0天,綠皮)",1,"香蕉,芎蕉,弓蕉,甘蕉",Banana,"生,綠皮北蕉,購買當日即去皮,混合均勻打碎",87,2.8,74.4,90,0.3,1.3,9.2,44,0.06,0.03,0.45,11.5,0.34,0,23.3,2,0,2.9,3.4,0,4,363,0,0.3,0,28,0.4,0.1,0
水果類,樣品基本資料,D0800104,北蕉(11月取樣),1,"香蕉,芎蕉,弓蕉,甘蕉",Banana,"生鮮,去皮,混合均勻打碎",88,0,74.2,90,0.1,1.6,0,0,0.06,0.05,0.52,17.3,0.34,0,23.4,1.5,0,0,0,0,3,463,0,0.3,0,27,0.6,0,0
水果類,樣品基本資料,D0800301,北蕉(1天),1,"香蕉,芎蕉,弓蕉,甘蕉",Banana,"生,綠皮北蕉,帶皮室溫存放1天,去皮,混合均勻打碎",84,4.3,75.4,87,0.3,1.4,13,46,0.06,0.04,0.54,6.4,0.35,0,22.2,1.7,0,4.4,4.3,0,4,349,0,0.2,0,29,0.4,0.1,0
水果類,樣品基本資料,D0800101,北蕉(2月取樣),1,"香蕉,芎蕉,弓蕉,甘蕉",Banana,"生鮮,去皮,混合均勻打碎",90,0,73.4,93,0,1.3,0,0,0.05,0.04,0.44,10.5,0.29,0,24.6,2,0,0,0,0,3,357,0,0.8,0,18,0.5,0,0
水果類,樣品基本資料,D0800401,北蕉(3天),1,"香蕉,芎蕉,弓蕉,甘蕉",Banana,"生,黃皮北蕉,帶皮室溫存放3天,去皮,混合均勻打碎",81,4.5,76.4,84,0.3,1.4,11.9,0,0.05,0.04,0.56,4.8,0.54,0,21.3,1.7,0,4.7,2.6,0,4,321,0,2.7,0,27,0.3,0.1,0
水果類,樣品基本資料,D0800102,北蕉(5月取樣),1,"香蕉,芎蕉,弓蕉,甘蕉",Banana,"生鮮,去皮,混合均勻打碎",89,8.8,73.9,92,0.2,1.6,18,13,0.05,0.06,0.4,6.7,0.27,0,23.7,1.8,21,9.2,0,0,3,346,0.018,0.1,0,26,0.2,0.1,0
水果類,樣品基本資料,D0800501,北蕉(7天),1,"香蕉,芎蕉,弓蕉,甘蕉",Banana,"生,黃皮斑點北蕉,帶皮室溫存放7天,去皮,混合均勻打碎",65,4.5,80.7,68,0.2,1.3,10.8,0,0.05,0.04,0.54,4.3,0.58,0,17.1,1.6,0,4.9,1.4,0,5,303,0,2.2,0,25,0.3,0.1,0
水果類,樣品基本資料,D0800103,北蕉(9月取樣),1,"香蕉,芎蕉,弓蕉,甘蕉",Banana,"生鮮,去皮,混合均勻打碎",63,0,81.4,65,0,1.3,0,0,0.06,0.05,0.39,8.1,0.29,0,16.6,1.2,10.5,0,0,0,10,304,0,0.6,0,23,0.2,0,0
水果類,樣品平均值,D08001,北蕉平均值,1,"香蕉,芎蕉,弓蕉,甘蕉",Banana,"生鮮,去皮,數根混合均勻打碎",82,8.8,75.7,85,0.1,1.5,18,3,0.05,0.05,0.44,10.7,0.3,0,22.1,1.6,15.7,9.2,0,0,5,368,0.018,0.5,0,24,0.4,0,0
水果類,樣品基本資料,D4130101,可可椰子汁(屏東),1,"椰子汁,越王頭汁",Coconut juice; Coco palm juice; Coconut terr juice,"生鮮,綠皮種,去蒂,倒出內部汁液混合均勻分裝",17,0,94.7,17,0,0.1,0,0,0,0.01,0,1.1,0,0,4.7,0,0,0,0,4,19,187,0,0.2,0,4,0,0,0
水果類,樣品基本資料,D4130102,可可椰子汁(進口),1,"椰子汁,越王頭汁",Coconut juice; Coco palm juice; Coconut terr juice,"生鮮,綠皮種,去蒂,倒出內部汁液混合均勻分裝",19,2.1,94.2,19,0,0.2,6.1,0,0.01,0.01,0.01,0.8,0,0,5,0,5.5,2.2,1.8,16,16,241,0.034,0.1,0,12,0,0,0
水果類,樣品平均值,D41301,可可椰子汁平均值,1,"椰子汁,越王頭汁",Coconut juice; Coco palm juice; Coconut terr juice,"生鮮,綠皮種,去蒂,倒出內部汁液混合均勻分裝",18,2.1,94.5,18,0,0.1,6.1,0,0,0.01,0.01,1,0,0,4.9,0,5.5,2.2,1.8,10,18,214,0.034,0.1,0,8,0,0,0
水果類,樣品基本資料,D3100301,台灣土棗,1,"大棗,棗仔",Chinese jujube,"生鮮,紅棗,綠皮帶紅,去蒂及子,混合均勻打碎",81,4.9,75.1,87,0.1,0.9,16.1,3,0.11,0.1,0.25,92.7,0.14,11.37,23.1,3.9,0,5.1,6.2,1,30,324,0,0.7,0,16,0.3,0.1,0
水果類,樣品基本資料,D2700401,四周柿,3,"柿子,柹,香柿(紅柿,軟柿)",Persimmon,"生鮮,軟澀柿,去皮,去蒂,混合均勻打碎",59,0,81.4,66,0.1,0.5,0,1168,0.04,0.01,0,10.6,0.71,0,17.6,4.4,0,0,0,0,10,197,0,0,0,9,0.3,0,0
水果類,樣品基本資料,D2100401,四季芒果,3,"檬果,檨仔,菴羅果(四季檨)",Mango,"生鮮,新興種,去皮及心,混合均勻打碎",57,3.2,83.2,60,0.2,0.6,13.2,1237,0.07,0.05,0.15,15.6,1.1,0,15.6,1.8,25.1,0.8,9.2,0,8,145,0,0.4,0,12,0.2,0,0
水果類,樣品基本資料,D1700201,巨峰葡萄,1,"蒲桃,蒲萄,草龍珠,蒲陶,葡桃",Grape,"生鮮,有子種,黑皮,去皮及子,混合均勻打碎",63,8.1,82.4,64,0.3,0.5,15.6,5,0.03,0.01,0.06,2.2,0.18,0,16.6,0.2,3.7,7.4,0,1,5,122,0.03,0.1,0,4,0.1,0.1,0
水果類,樣品基本資料,D2100402,玉文芒果,1,"檬果,檨仔,菴羅果",Mango,"生鮮,新興種,去皮及心,混合均勻打碎",61,4.7,82.9,62,0.3,0.5,9.2,303,0.05,0.03,0.03,26,1.79,0,16.1,0.7,0,0.9,3.6,0,8,121,0,0.3,0,10,0.6,0.1,0
水果類,樣品基本資料,D2200101,玉荷苞荔枝,1,"丹荔,荔錦,麗枝,離枝",Lychee; Lichee; Litchi,"生鮮,去皮及子,混合均勻打碎",67,7.2,80.9,68,0.2,1.2,14.4,1,0.03,0.06,0.1,60.4,0.24,0,17.3,0.8,14.9,7.2,0,0,2,190,0.043,0.2,0,14,0.1,0.1,0
水果類,樣品基本資料,D1100201,甘蔗鳳梨,1,"旺來,波羅,黃萊,黃梨,王萊(台農13號,冬蜜鳳梨)",Pineapple,"生鮮,雜交種,去皮,混合均勻打碎",55,0,83.8,57,0.1,0.7,0,0,0.06,0.04,0.12,11.7,0.03,0,15.1,1.4,3.8,0,0,0,9,122,0,0.4,0,14,0.4,0,0
水果類,樣品基本資料,D2800201,白油桃,1,"桃子,脆桃,甜桃",Peach,"生鮮,脆桃,去籽,混合均勻打碎",33,0,89.6,37,0.1,0.6,0,0,0.03,0.01,0.09,2.7,0.32,0,9.3,2.6,0,0,0,1,5,182,0,0.2,0,7,0.3,0,0
水果類,樣品基本資料,D3500201,白柚,1,"柚子,內紫,朱欒,香欒,座凡,拋,欒",White shaddocks; White pummelo,"生鮮,去皮去子,混合均勻打碎",36,1.5,89.4,37,0.1,0.6,8.1,0,0.01,0.03,0.03,54.5,0.16,0,9.6,1.2,0,1.4,5.3,7,12,151,0,0.1,0,6,0.2,0.1,0
水果類,樣品基本資料,D3300201,白櫻桃,1,"中國櫻桃又稱鶯桃,荊桃",Cherry;,"生鮮,紅黃皮,去子,混合均勻打碎",68,0,80.4,69,0.1,0.7,0,0,0.03,0.02,0.09,4.5,0.15,0,18.4,1.1,0,0,0,1,18,224,0,0.4,0,12,0.6,0,0
水果類,樣品基本資料,D3100101,印度棗(長形),1,"棗子,棗仔",Indian jujube,"生鮮,大印度棗,去蒂及子,混合均勻打碎",40,0,87.8,43,0.2,1.2,0,68,0.02,0.03,0.03,35.8,0.08,0,10.4,1.7,0,0,0,4,6,208,0,0.2,0,6,0.2,0,0
水果類,樣品平均值,D31001,印度棗平均值(大),1,"棗子,棗仔",Indian jujube,"生鮮,大印度棗,去蒂及子,數個混合均勻打碎",41,3.7,87.7,43,0.1,1.1,7.3,80,0.02,0.03,0.04,36.5,0.13,0,10.7,1.6,6.6,3.6,0,2,7,191,0,0.2,0,5,0.3,0,0
水果類,樣品基本資料,D0300101,安石榴,1,"石榴, 榭榴, 謝榴, 樹榴","Pomegranate, Delima","生鮮,安石榴,去皮去子,混合均勻打碎",60,0,80.7,67,0.1,1.7,0,13,0.01,0.04,0,15,0,0,16.8,4.6,0,0,0,8,15,200,0,0.4,0,15,0.4,0,0
水果類,樣品基本資料,D0400101,百香果,3,"時計果,西番果,西番蓮,美里瓜",Passion fruit,"生鮮,去皮,混合均勻打碎",55,3.6,84,64,1.9,2.2,9.7,1617,0,0.1,0,32,0,0,11.2,5.3,0,3.8,2.4,2,5,200,0,0.7,0,27,0.7,0.3,0
水果類,樣品基本資料,D0430101,百香果汁,2,"時計果汁,西番果汁,西番蓮汁,美里瓜汁",Passion fruit juice,"生鮮,取內容物,混合均勻打碎,再去除粗籽",73,0,79.6,73,0.4,0.9,0,343,0,0.11,0.31,18.5,0.41,0,18.6,0.2,0,0,0,1,5,239,0,0.6,0,16,0.6,0,0
水果類,樣品平均值,D19002,西瓜平均值(紅肉小瓜),2,"水瓜,寒瓜,夏瓜",Watermelon,"生鮮,紅肉小瓜,去皮及籽,切塊混合均勻打碎",32,3.6,90.8,33,0.1,0.8,7.5,687,0.04,0.05,0.14,6.8,0.05,0,8,0.3,5.1,1.7,2.2,1,7,121,0,0.2,0,11,0.2,0,0
水果類,樣品平均值,D19004,西瓜平均值(黃肉小瓜),1,"水瓜,寒瓜,夏瓜",Watermelon,"生鮮,黃肉小瓜種,去皮及籽,切塊混合均勻打碎",29,4.6,91.7,29,0,0.7,7.9,1,0.03,0.03,0.06,5.4,0.11,0,7.3,0.3,0,2.6,0.6,2,9,99,0,0.3,0,11,0.2,0,0
水果類,樣品基本資料,D3500301,西施蜜柚,1,"柚子,內紫,朱欒,香欒,座凡,拋,欒(西施柚)",Shaddocks; Pomelo; Pummelo,"生鮮,取果肉,混合均勻打碎",38,0,88.6,40,0.2,0.8,0,0,0.03,0.03,0.03,57.8,0.31,0,10.1,1.3,0,0,0,0,7,175,0,0.1,0,5,0,0,0
水果類,樣品基本資料,D3000101,西洋梨(青皮),1,"梨子,水梨,山褵,快果,果宗",Pear,"生鮮,西洋梨,去皮及核,混合均勻打碎",58,0,82.8,62,0.2,0.3,0,27,0.01,0.02,0,6.6,0.2,0,16.5,2.6,0,0,0,0,8,119,0,0.1,0,7,0.1,0,0
水果類,樣品基本資料,D3000102,西洋梨(紅皮),1,"梨子,水梨,山褵,快果,果宗",Pear,"生鮮,西洋梨,去皮及核,混合均勻打碎",50,6.4,85.3,53,0.2,0.3,11.3,1,0.01,0.02,0.03,4.7,0.1,0,13.9,1.8,4.4,4.2,0.7,1,8,122,0.105,0.1,0,5,0.1,0.1,0
水果類,樣品基本資料,D3000103,西洋梨(黃皮),1,"梨子,水梨,山褵,快果,果宗",Pear,"生鮮,西洋梨,去皮及核,混合均勻打碎",41,0,87.7,44,0.1,0.2,0,0,0.02,0.02,0.04,2.5,0.08,0,11.8,1.9,0,0,0,0,11,96,0,0.2,0,7,0.3,0,0
水果類,樣品平均值,D30001,西洋梨平均值,1,"梨子,水梨,山褵,快果,果宗",Pear,"生鮮,西洋梨,去皮及核,數顆混合均勻打碎",49,6.4,85.3,53,0.2,0.3,11.3,9,0.01,0.02,0.02,4.6,0.13,0,14.1,2.1,4.4,4.2,0.7,0,9,112,0.105,0.1,0,6,0.2,0.1,0
水果類,樣品基本資料,D2200201,冷凍荔枝,1,"丹荔,荔錦,麗枝,離枝",Frozen Lychee; Lichee; Litchi,"生鮮,冷凍產品,混合均勻打碎",27,0,91.9,28,0.1,0.4,0,0,0,0.04,0.02,39.9,0,0,7.2,0.6,0,0,0,9,4,130,0,0.2,0,12,0.2,0,0
水果類,樣品平均值,D24001,李子平均值(青皮黃肉),1,李子,Plum,"生鮮,青皮黃肉,去子,數顆混合均勻打碎",45,0,86.9,48,0.4,0.7,0,85,0.02,0.02,0.17,1.9,0.58,0,11.7,1.5,0,0,0,0,4,152,0,0.3,0,7,0.2,0,0
水果類,樣品平均值,D24002,李子平均值(紅皮紅肉),2,李子,Plum,"生鮮,紅皮紅肉,去子,數顆混合均勻打碎",37,2.4,89,39,0.3,0.6,5.7,547,0.02,0.03,0.02,2.4,0.86,0,9.6,1.7,0,2.4,0.9,0,5,148,0,0.4,0,6,0.5,0.1,0
水果類,樣品平均值,D24003,李子平均值(紅皮黃肉),2,李子,Plum,"生鮮,紅皮黃肉,去子,數顆混合均勻打碎",45,2.6,86.7,48,0.3,0.7,5.4,327,0.02,0.02,0.04,4.1,0.39,64.55,11.9,1.5,0,2.4,0.5,1,6,155,0,0.3,0,7,0.2,0.1,0
水果類,樣品基本資料,D0800601,李林蕉(2007年取樣),1,"香蕉,芎蕉,弓蕉,甘蕉(牛角蕉,佛手蕉,美人蕉,樹蕉)",,"生鮮,去皮,混合均勻打碎",98,7.7,71,102,0.3,1.4,19.8,0,0.04,0.05,0.42,12,0.19,0,26.3,2.6,0,8.2,4,0,21,395,0,0.9,0,35,0.3,0.2,0
水果類,樣品基本資料,D0800901,李林蕉(2012年取樣),1,"香蕉,芎蕉,弓蕉,甘蕉(牛角蕉,佛手蕉,美人蕉,樹蕉)",,"生鮮,去皮,混合均勻打碎",105,4.8,68.3,111,0.1,1.5,18.9,78,0.05,0.06,0.27,8.3,0.29,0,29.2,3.3,25.2,5.1,9.1,1,17,386,0,0.3,0,58,0.4,0,0
水果類,樣品平均值,D21002,芒果平均值(西洋種),4,"檬果,檨仔,菴羅果",Mango,"生鮮,西洋種,去皮及心,切塊混合均勻打碎",48,3.4,86,50,0.2,0.6,9.8,1865,0.05,0.05,0.11,22.7,1.2,0,13,1.2,27.1,0.6,5.8,5,8,119,0.009,0.2,0,9,0.3,0.1,0
水果類,樣品平均值,D21004,芒果平均值(新興種),3,"檬果,檨仔,菴羅果",Mango,"生鮮,新興種,去皮及心,切塊混合均勻打碎",54,4.2,84.5,56,0.2,0.6,12.1,966,0.05,0.04,0.2,13.9,1.46,0,14.4,1.1,25.1,0.7,7.2,1,10,147,0,0.3,0,12,0.2,0.1,0
水果類,樣品基本資料,D0500201,奇異果,1,"彌猴桃,猴桃,猴梨,藤梨,毛桃,羊桃,紅藤梨,金桃,楊桃",Kiwi fruit; Chinese gooseberry,"生鮮,綠肉種,去皮,混合均勻打碎",52,4.7,84,56,0.3,1.1,9.3,110,0.01,0.03,0.14,73,1.69,0,14,2.7,30.5,4.4,0.2,3,28,291,0,0.2,0,12,0.3,0.1,0
水果類,樣品基本資料,D3000201,幸水梨,1,"梨子,水梨,山褵,快果,果宗",Pear,"生鮮,幸水梨,去皮及核,混合均勻打碎",32,5.1,90.4,34,0,0.4,6.8,0,0.03,0.02,0.01,2.9,0,0,9,1.2,0,1.7,0,0,5,107,0,0,0,6,0,0,0
水果類,樣品基本資料,D2500101,枇杷,3,琶琵果,Loquat,"生鮮,去皮去子,混合均勻打碎",36,4.8,89.1,38,0.2,0.3,8,1347,0.03,0.04,0.09,3.9,0.39,0,9.8,0.9,12.4,3.2,0,4,12,173,0.09,2.5,0,8,0.2,0,0
水果類,樣品基本資料,D2000102,狀元瓜,1,"甜瓜,甘瓜,果瓜,香瓜,梨仔瓜,澎湖瓜,洋香瓜",Melon; Honeydew melon;,"生鮮,光皮洋香瓜種,橄欖形,黃皮白肉系,去皮及籽,混合均勻打碎",26,2.1,92,27,0.1,0.7,5.5,242,0.01,0.01,0.05,12.2,0.1,0,6.6,0.8,5.6,2.3,1.1,18,13,219,0.078,0.2,0,12,0.2,0,0
水果類,樣品基本資料,D2800202,玫瑰桃,2,"桃子,脆桃,甜桃",Peach,"生鮮,脆桃,去籽,混合均勻打碎",48,0,85.3,51,0.1,1.2,0,433,0,0.03,0,6,0,0,12.8,1.7,0,0,0,7,7,200,0,0.1,0,10,0.2,0,0
水果類,樣品基本資料,D2100201,肯特芒果,2,"檬果,檨仔,菴羅果",Mango,"生鮮,西洋種,去皮及心,混合均勻打碎",48,3.1,86.3,49,0.2,0.5,8.8,568,0.11,0.04,0.17,17.5,1,0,12.7,1.2,0,0,5.7,17,6,140,0,0.3,0,11,0.2,0.1,0
水果類,樣品平均值,D15002,芭樂平均值(白肉),1,"番石榴,芭樂,拔仔,扒仔,朳仔,那拔仔,藍拔",Guava,"生鮮,去蒂及籽,切塊混合均勻打碎",33,2.6,88.9,38,0.1,0.7,6.2,51,0.03,0.03,0.11,137.9,0.25,1.95,9.8,3.3,55.6,1.7,1.9,2,8,146,0,0.3,0,5,0.2,0,0
水果類,樣品基本資料,D3200601,金冠蘋果,1,"柰,林檎,沙果,海棠,花紅,檳子(黃元帥)",Apple,"生鮮,黃皮,去皮及籽,混合均勻打碎",46,0,86.3,49,0.1,0.4,0,0,0.03,0.01,0.05,4.4,0.07,0,13,1.5,0,0,0,0,3,128,0,0.3,0,4,0,0,0
水果類,樣品基本資料,D1701001,金香葡萄(含皮),1,"蒲桃,蒲萄,草龍珠,蒲陶,葡桃",Grape,"生鮮,無子種,綠皮,含皮,混合均勻打碎",59,0,83,60,0.1,0.6,0,6,0.05,0.02,0.09,4.1,0.8,0,16,0.5,0,0,0,0,7,205,0,0.1,0,6,0.4,0,0
水果類,樣品基本資料,D0500101,金黃奇異果,1,"彌猴桃,猴桃,猴梨,藤梨,毛桃,羊桃,紅藤梨,金桃,楊桃",Kiwi fruit; Chinese gooseberry,"生鮮,黃肉種,去皮,混合均勻打碎",57,5.4,83.3,59,0.3,0.8,10.6,67,0.02,0.04,0.28,90.1,2.23,0,15,1.4,0,4.7,0.4,2,22,252,0,0.2,0,11,0.2,0.1,0
水果類,樣品基本資料,D2100403,金煌芒果,3,"檬果,檨仔,菴羅果",Mango,"生鮮,新興種,去皮及心,混合均勻打碎",49,0,85.6,52,0.2,0.8,0,1308,0.03,0.04,0.17,8.4,1.54,0,13,1.4,0,0,0,8,6,104,0,0.1,0,9,0.1,0,0
水果類,樣品基本資料,D2100404,金蜜芒果,1,"檬果,檨仔,菴羅果",Mango,"生鮮,新興種,去皮及心,混合均勻打碎",62,4.6,82.3,64,0.4,0.6,15,212,0.04,0.05,0.23,24,1.2,0,16.3,1.1,0,0.5,9.9,1,20,296,0,0.4,0,26,0.3,0.1,0
水果類,樣品基本資料,D2100405,金興芒果,3,"檬果,檨仔,菴羅果",Mango,"生鮮,新興種,去皮及心,混合均勻打碎",40,3.8,88.5,41,0.1,0.6,9.2,1581,0.07,0,0.3,2.3,1.06,0,10.6,0.6,0,0.4,5,0,7,124,0,0.2,0,12,0,0,0
水果類,樣品基本資料,D1900402,金蘭西瓜,1,"水瓜,寒瓜,夏瓜",Watermelon,"生鮮,黃肉小瓜,圓球型,綠底綠條紋,深黃肉色;去皮及籽,混合均勻打碎",23,0,93.2,24,0,0.6,0,0,0.04,0.02,0.08,4.1,0.18,0,6,0.2,0,0,0,1,14,103,0,0.3,0,11,0.2,0,0
水果類,樣品基本資料,D1100203,金鑽鳳梨,1,"旺來,波羅,黃萊,黃梨,王萊(台農17號,春蜜鳳梨)",Pineapple,"生鮮,雜交種,去皮,混合均勻打碎",49,3.5,85.8,50,0.1,0.5,9.5,15,0.07,0.03,0.1,23.5,0.04,0,13.2,1.1,18.6,3.2,2.7,1,5,133,0,0.2,0,12,0.1,0.1,0
水果類,樣品基本資料,D3400301,長果金柑,2,"金棗,羅浮柑",Kumquat; Oval kumquat,"生鮮,去蒂及子,混合均勻打碎",50,2.7,84.4,56,0.2,1,9.8,365,0.09,0.06,0.08,35.7,2.56,0,14.1,3.2,31.1,2.2,4.9,5,38,138,0.04,0.1,0,12,0.4,0.1,0
水果類,樣品基本資料,D0200201,青木瓜,1,"青番木瓜,青番瓜",Papaya; Pawpaw,"生鮮,去皮及籽,混合均勻打碎",25,1.7,91.7,29,0.1,0.6,4.3,8,0.02,0.03,0.04,25.3,0.39,0,7.2,2.4,21.2,2.4,0,5,31,139,0.02,0.1,0,19,0.2,0,0.2
水果類,樣品基本資料,D3700101,青皮葡萄柚,1,"西柚,朱欒",Grapefruit; Pomelo,"生鮮,青皮白肉,去皮,子及內膜,混合均勻打碎",31,1.6,90.6,33,0.1,0.8,6.1,0,0.02,0.05,0.02,28.5,0.38,0,8.3,1.2,0,1.5,3.1,1,15,141,0,0,0,8,0,0,0
水果類,樣品基本資料,D3200101,青龍蘋果,4,"柰,林檎,沙果,海棠,花紅,檳子",Apple,"生鮮,青皮,去皮及核,混合均勻打碎",50,7.8,85.4,52,0.2,0.3,13.5,1783,0.01,0.01,0.04,2.9,0.05,0,13.8,1.3,0,2.2,3.5,5,4,124,0,0.2,0,5,0.1,0.1,0
水果類,樣品基本資料,D0800701,南華蕉,1,"香蕉,芎蕉,弓蕉,甘蕉(芭蕉)",Plantain,"生鮮,去皮,混合均勻打碎",119,9.8,64.8,124,0.1,1.1,19.4,3,0.04,0.02,0.21,24.5,0.15,0,33.2,2.9,0,9.6,0,0,7,305,0,0.3,0,37,0.1,0,0
水果類,樣品基本資料,D3600101,柳橙,1,"甜橙,柳橙,柳丁,印子柑,廣柑",Orange,"生鮮,普遍系,去皮及籽,混合均勻打碎",40,2.1,87.6,44,0.1,0.8,8.6,0,0.07,0.04,0.02,41.2,0.13,0,11,2.1,0,2.1,4.3,5,28,145,0,0.1,0,12,0.3,0.1,0
水果類,樣品基本資料,D3200402,津經蜜蘋果,1,"柰,林檎,沙果,海棠,花紅,檳子",Apple,"生鮮,混色,去皮及籽,混合均勻打碎",54,7,84.2,56,0.2,0.2,11.7,0,0.03,0.02,0.04,3.7,0.15,0,15.1,1.4,0,2.1,2.6,1,3,135,0,0.2,0,2,0.3,0,0
水果類,樣品基本資料,D1500203,珍珠芭樂,1,"番石榴,芭樂,拔仔,扒仔,朳仔,那拔仔,藍拔",Guava,"生鮮,梨形,白黃肉,去蒂及籽,混合均勻打碎",36,2.5,88.1,42,0.2,0.7,5.2,28,0.03,0.04,0.07,193.7,0.29,0,10.6,3.7,55.6,1.9,0.8,0,7,176,0,0.2,0,6,0.1,0.1,0
水果類,樣品基本資料,D3100201,珍珠蜜棗,1,"棗子,棗仔",Indian jujube,"生鮮,小印度棗,去蒂及子,混合均勻打碎",42,5.2,86.7,46,0,1.1,10.4,71,0.03,0.04,0.05,25.8,0.2,8.65,11.7,2.2,0,5.2,0,1,8,248,0,0.3,0,7,0.4,0,0
水果類,樣品基本資料,D1900201,皇宮西瓜,2,"水瓜,寒瓜,夏瓜",Watermelon,"生鮮,紅肉小瓜,圓球型,淡綠色皮,去皮及籽,混合均勻打碎",32,2.9,90.9,32,0.1,0.7,7.7,433,0.04,0.03,0.2,6.6,0.04,0,8.1,0.3,0,0.9,3.9,1,7,115,0,0.4,0,11,0.2,0,0
水果類,樣品基本資料,D2000403,秋香洋香瓜,2,"甜瓜,甘瓜,果瓜,香瓜,梨仔瓜,澎湖瓜,洋香瓜,網仔瓜,哈蜜瓜",Melon; Honeydew melon;,"生鮮,網紋洋香瓜種,球形,黃皮橙肉系,去皮及籽,混合均勻打碎",33,0,90,34,0,1,0,751,0.04,0.03,0.11,14.6,0.06,0,8.4,0.5,0,0,0,16,10,232,0,0.3,0,16,0.3,0,0
水果類,樣品基本資料,D3200403,秋香蘋果,1,"柰,林檎,沙果,海棠,花紅,檳子",Apple,"生鮮,混色,去皮及籽,混合均勻打碎",43,0,87.2,45,0,0.3,0,15,0.02,0.01,0.03,3.6,0.1,0,12.3,1.2,0,0,0,0,2,95,0,0.4,0,3,0,0,0
水果類,樣品基本資料,D1100101,突目1號鳳梨,1,"旺來,波羅,黃萊,黃梨,王萊(開英種1號,1號仔,突目仔)",Pineapple,"生鮮,開英種,去皮,混合均勻打碎",55,0,84.4,56,0.2,0.6,0,0,0.1,0.03,0.13,10.9,0.09,0,14.5,1,0,0,0,0,4,191,0,0.4,0,7,0.3,0,0
水果類,樣品基本資料,D1500301,紅心芭樂,2,"番石榴,芭樂,拔仔,扒仔,朳仔,那拔仔,藍拔",Guava,"生鮮,梨形,綠皮紅肉,去蒂及籽,混合均勻打碎",36,1.9,88,42,0.1,0.8,5.3,618,0.04,0.04,0.14,214.4,0.42,0,10.7,3.9,0,1.4,2,1,5,166,0,0.2,0,6,0.2,0,0
水果類,樣品基本資料,D0600101,紅毛丹,1,"韶子,毛龍眼,毛荔枝",Tanjong Rambutan,"生鮮,去皮及子,混合均勻打碎",71,0,80,73,0.7,1,0,2,0.01,0.04,0.11,32.9,0,0,17.9,1.5,0,0,0,8,16,152,0,0.4,0,14,0.5,0,0
水果類,樣品基本資料,D3930101,紅甘蔗汁,1,甘蔗,Sugarcane,"生鮮,現榨原汁,混合均勻",63,1.2,82.8,63,0.5,0.5,18,24,0.02,0.01,0.13,1.3,0.07,0,15.9,0.2,8,1.1,15.7,0,23,22,0.025,0.5,0,17,0.6,0.3,0
水果類,樣品基本資料,D0800801,紅皮蕉(2004年取樣),2,"香蕉,芎蕉,弓蕉,甘蕉,蘋果蕉",Banana;,"生鮮,去皮,混合均勻打碎",93,7.9,72.1,98,0.2,1.3,18.2,334,0.04,0.03,0.35,10.3,0.14,0,25.5,2.7,30.6,8.3,2,1,10,371,0,0.1,0,45,0.4,0.1,0
水果類,樣品基本資料,D0801001,紅皮蕉(2012年取樣),1,"香蕉,芎蕉,弓蕉,甘蕉,蘋果蕉",banana,"去皮,混合均勻打碎",90,7.8,73.4,93,0.3,1.3,19.4,0,0.06,0.05,0.62,6.6,0.26,0,24,2.1,0,7.8,3.8,0,8,376,0,0.4,0,34,0,0.1,0
水果類,樣品基本資料,D2400201,紅肉李(大),2,李子,Plum,"生鮮,紅皮紅肉,去子,混合均勻打碎",38,2.3,88.9,41,0.3,0.5,5.9,678,0.01,0.03,0.04,2.1,0.91,0,10,1.5,0,2.1,1.5,0,5,140,0,0.4,0,6,0.2,0,0
水果類,樣品基本資料,D2400202,紅肉李(小),2,李子,Plum,"生鮮,紅皮紅肉,去子,混合均勻打碎",35,2.5,89.2,38,0.3,0.7,5.5,416,0.02,0.02,0.01,2.7,0.81,0,9.2,1.8,0,2.7,0.3,0,5,156,0,0.5,0,6,0.9,0.1,0
水果類,樣品基本資料,D3400201,紅柑,1,"美人(女)柑,明尼吉柚,葡萄蜜柑,迷你葡萄柚",Tangerine,"生鮮,去皮及子,混合均勻打碎",40,1.7,88.2,42,0.1,0.8,6.9,76,0.04,0.03,0.06,19.4,0.71,0,10.6,1,12,1.4,3.8,1,18,148,0,0.4,0,10,0.4,0,0
水果類,樣品基本資料,D1900202,紅鈴西瓜,2,"水瓜,寒瓜,夏瓜",Watermelon,"生鮮,紅肉小瓜,長球型,深綠色,鮮紅肉色,去皮及籽,混合均勻打碎",34,4.1,90.4,34,0.1,0.8,7.7,680,0.04,0.05,0.15,7,0.05,0,8.5,0.3,6.2,2,1.6,2,6,97,0,0.2,0,10,0.2,0,0
水果類,樣品基本資料,D0700101,紅龍果(白肉),1,"火龍果,仙蜜果",Pitaya; Dragon fruit,"生鮮,白肉種,去皮,混合均勻打碎",49,2.6,85.7,51,0.4,0.9,8.9,1,0.02,0.04,0.05,5.3,0.26,0,12.4,1.7,15.5,5.5,0.9,0,4,226,0.027,0.4,0,28,0.4,0,0
水果類,樣品基本資料,D0700201,紅龍果(紅肉),1,"火龍果,仙蜜果",Pitaya; Dragon fruit,"生鮮,紅肉種,去皮,混合均勻打碎",48,2.8,85.8,50,0.2,1.1,9.2,0,0.03,0.04,0.02,6.3,0.27,0,12.3,1.3,12.3,5.8,0.7,0,9,219,0.058,0.5,0,24,0.8,0.1,0
水果類,樣品基本資料,D2000404,紅寶石洋香瓜,4,"甜瓜,甘瓜,果瓜,香瓜,梨仔瓜,澎湖瓜,洋香瓜,網仔瓜,哈蜜瓜",Melon; Honeydew melon,"生鮮,網紋洋香瓜種,球形,綠皮橙肉系,去皮及籽,混合均勻打碎",38,2.8,88.6,39,0,1.2,8.8,2242,0.06,0.02,0.07,12.6,0.12,0,9.6,0.6,0,2.9,3.1,14,11,260,0,0.4,0,15,0.5,0,0
水果類,樣品基本資料,D3700201,紅寶石葡萄柚(古坑),2,"西柚,朱欒",Ruby Grapefruit; Pomelo; Ruby Red;,"生鮮,紅皮粉紅肉,去皮,子及內膜,混合均勻打碎",35,1.6,89.9,37,0.3,0.7,6.4,424,0.08,0.03,0.04,39.7,0.13,0,8.9,1.1,0,1.5,3.3,0,16,184,0,0.2,0,10,0.2,0.1,0
水果類,樣品基本資料,D1800101,紅寶石蓮霧,1,,Wax(Java) apple; Wax gambuor; Wax jumbo;Bell fruit,"生鮮,粉紅色種,去蒂及籽,混合均勻打碎",32,4.2,91.1,33,0.3,0.3,7.5,16,0.04,0.01,0.08,7.6,0.2,0,8.1,0.7,0,3.3,0,2,2,83,0,0.3,0,5,0.1,0.1,0
水果類,樣品基本資料,D3200301,美國五爪蘋果,1,"柰,林檎,沙果,海棠,花紅,檳子(元帥)",Apple,"生鮮,紅皮,去皮及核,混合均勻打碎",48,0,85.8,51,0.1,0.2,0,58,0.01,0.01,0.02,1.7,0.19,0,13.8,1.6,0,0,0,2,3,118,0,0.4,0,3,0.3,0,0
水果類,樣品基本資料,D1700101,美國紅葡萄,1,"蒲桃,蒲萄,草龍珠,蒲陶,葡桃",Grape,"生鮮,有子種,紅皮,去皮及子,混合均勻打碎",68,0,81.1,69,0.4,0.4,0,32,0.03,0.01,0.05,2.6,0.4,0,17.7,0.5,0,0,0,8,5,166,0,0,0,6,0.2,0,0
水果類,樣品基本資料,D1700401,美國紅葡萄(含皮),1,"蒲桃,蒲萄,草龍珠,蒲陶,葡桃",Grape,"生鮮,有子種,紅皮,去子,含皮,混合均勻打碎",60,0,82.7,61,0.1,0.4,0,0,0.04,0.02,0.11,1.6,0.38,0,16.3,0.8,0,0,0,1,7,214,0,0.3,0,6,0.7,0,0
水果類,樣品基本資料,D1700501,美國紫葡萄(含皮),1,"蒲桃,蒲萄,草龍珠,蒲陶,葡桃",Grape,"生鮮,有子種,紫皮,去子,含皮,混合均勻打碎",79,0,77.3,80,0,0.4,0,24,0.05,0.03,0.07,3.8,0.4,0,21.9,0.7,0,0,0,1,7,228,0,0.3,0,7,0.8,0,0
水果類,樣品基本資料,D1700601,美國黑葡萄(含皮),1,"蒲桃,蒲萄,草龍珠,蒲陶,葡桃",Grape,"生鮮,有子種,黑皮,去子,含皮,混合均勻打碎",61,0,82.4,63,0.2,0.6,0,15,0.07,0.02,0.11,2.6,0.54,0,16.4,0.8,0,0,0,0,9,213,0,0.3,0,6,0.6,0,0
水果類,樣品基本資料,D1700301,美國綠葡萄,3,"蒲桃,蒲萄,草龍珠,蒲陶,葡桃(青葡萄,白葡萄)",Grape,"生鮮,有子種,綠皮,去皮及子,混合均勻打碎",63,0,82,64,0.2,0.5,0,925,0.06,0.01,0.04,4.5,0.28,0,16.8,0.4,0,0,0,7,4,164,0,0.2,0,6,0.3,0,0
水果類,樣品基本資料,D1700701,美國綠葡萄(含皮),1,"蒲桃,蒲萄,草龍珠,蒲陶,葡桃(青葡萄,白葡萄)",Grape,"生鮮,有子種,綠皮,去子,含皮,混合均勻打碎",86,0,75.5,87,0.4,0.6,0,9,0.06,0.02,0.09,5.3,0.53,0,22.7,0.8,0,0,0,1,10,264,0,0.2,0,8,0.3,0,0
水果類,樣品基本資料,D2000201,美濃瓜,1,"甜瓜,甘瓜,果瓜,香瓜,梨仔瓜,澎湖瓜",Melon; Honeydew melon;,"生鮮,東洋系脆瓜種,扁圓形,白綠皮肉系,去皮及籽,混合均勻打碎",36,4,89.3,37,0.2,1.1,8,27,0.04,0.03,0.08,22.9,0.2,0,8.8,0.5,14.3,4,0,8,10,338,0.001,0.3,0,12,0.3,0.1,0
水果類,樣品基本資料,D3400202,茂谷柑,2,柑,Murcott; Honey tangerine; Honey murcott,"生鮮,去皮及子,混合均勻打碎",42,2.4,87.4,44,0.1,0.6,9.5,643,0.04,0.04,0.06,26.4,0.47,0,11.5,1.3,18.8,2,5,1,24,143,0,0.1,0,9,0.1,0,0
水果類,樣品基本資料,D2400304,香水李,1,李子,Plum,"生鮮,紅皮黃肉,去子,混合均勻打碎",35,2.9,89.9,36,0.3,0.7,5.8,150,0.02,0.02,0.01,2.8,0.2,0,8.8,0.6,0,2.7,0.3,0,4,148,0,0.4,0,7,0.7,0.1,0
水果類,樣品基本資料,D2100406,香水芒果,3,"檬果,檨仔,菴羅果",Mango,"生鮮,新興種,去皮及心,混合均勻打碎",63,5.1,81.8,65,0.2,0.6,15.6,1459,0.06,0.05,0.18,15.5,2.44,0,17.1,1.4,0,1.2,9.3,0,10,143,0,0.2,0,9,0.1,0.1,0
水果類,樣品基本資料,D4200101,香瓜茄,1,"香瓜梨,南美香瓜梨",Pepino; Melon pear,"生鮮,去蒂及籽,混合均勻打碎",23,1.8,93,24,0.1,0.4,5.4,81,0.02,0.03,0.05,27.8,0.04,0,6.2,0.7,10.9,2.2,1.3,3,7,131,0.038,0.2,0,5,0.2,0,0
水果類,樣品基本資料,D3600102,香吉士(進口),1,"甜橙,柳橙,柳丁,印子柑,廣柑",Orange: Sunkist;,"生鮮,普遍系,去皮及籽,混合均勻打碎",44,0,87,47,0.5,0.7,0,33,0.07,0.04,0.04,74.8,0.27,0,11.4,2.2,6.3,0,0,1,41,144,0,0.1,0,9,0.1,0,0
水果類,樣品基本資料,D2000405,香華洋香瓜,1,"甜瓜,甘瓜,果瓜,香瓜,梨仔瓜,澎湖瓜,洋香瓜,網仔瓜,哈蜜瓜",Melon; Honeydew melon,"生鮮,網紋洋香瓜種,球形,綠皮綠肉系,去皮及籽,混合均勻打碎",30,3.1,91.2,30,0,0.7,6.4,29,0.02,0.02,0.06,15.5,0.1,0,7.7,0.4,9.8,3.2,0,20,5,184,0.098,0.3,0,10,0.6,0,0
水果類,樣品基本資料,D2400305,桃接李(大),2,李子,Plum,"生鮮,紅皮黃肉,去子,混合均勻打碎",36,2.2,89.6,38,0.3,0.6,5,437,0.02,0.02,0.04,1.3,0.42,0,9.2,1.2,0,2,0.9,1,5,122,0,0.2,0,6,0.2,0,0
水果類,樣品基本資料,D2400306,桃接李(小),2,李子,Plum,"生鮮,紅皮黃肉,去子,混合均勻打碎",33,2.6,90.1,36,0.3,0.7,5.3,689,0.02,0.03,0.05,3,0.52,64.55,8.6,1.9,0,2.3,0.3,0,7,158,0,0.4,0,7,0.1,0.1,0
水果類,樣品基本資料,D1300101,桑葚,1,"桑果,桑葚兒",Mulberry,"橢圓型果,去蒂頭,混合均勻打碎",30,2,91,32,0.4,1.1,3.8,54,0.03,0.08,0.04,9.2,1.95,0,7,1.3,0,1.8,0,1,41,180,0,0.2,0,11,0.4,0.2,0
水果類,樣品基本資料,D1330101,桑葚汁,1,"桑果,桑葚兒",Mulberry juice,"橢圓型果,混合均勻打碎,再以砂布濾取果汁",25,2,92.7,25,0.2,0.8,3.8,50,0.02,0.05,0.03,8.6,0.66,0,5.9,0.4,0,1.8,0,0,27,141,0,0.3,0,10,0,0,0
水果類,樣品基本資料,D1500204,泰國芭樂,1,"番石榴,芭樂,拔仔,扒仔,朳仔,那拔仔,藍拔",Thailand guava,"生鮮,圓形,黃綠皮白肉,去蒂及籽,混合均勻打碎",34,0,89,38,0.1,0.8,0,150,0.03,0.01,0.03,81,0,0,9.7,3,0,0,0,5,4,150,0,0.2,0,6,0.1,0,0
水果類,樣品基本資料,D3400203,海梨桶柑,2,"年柑,草山柑,焦柑,蜜桶,漳柑,草山桔(海梨)",Tankan; Tankan orange,"生鮮,去皮去子,混合均勻打碎",41,0,87.6,44,0.1,0.9,0,466,0.05,0.04,0.13,33,0.46,0,11,2,0,0,0,6,18,107,0,0.1,0,14,0.3,0,0
水果類,樣品基本資料,D2900101,胭脂梅,1,梅子,Yentsu Mei; Japanese Apricot,"生,去蒂頭及籽,混合均勻打碎",31,0.2,90,35,0.1,0.5,0.8,289,0.03,0.03,0.09,4.9,1.91,0,8.8,2,0,0.5,0,1,8,245,0,0.1,0,8,0.2,0,0
水果類,樣品平均值,D28002,脆桃平均值,1,"桃子,甜桃",,"生鮮,脆桃,去籽,混合均勻打碎",40,1.5,87.3,44,0.1,0.9,5.8,108,0.01,0.02,0.04,6.1,0.85,0,11.1,2.5,0,1.1,3.2,2,7,217,0,0.3,0,9,0.4,0,0
水果類,樣品基本資料,D1400101,草莓,1,,Strawberry,"生鮮,去蒂,混合均勻打碎",36,3.2,89,39,0.2,1,6.1,25,0.02,0.04,0.06,69.2,0.48,0,9.3,1.8,82.8,2.9,0,7,16,199,0.002,0.1,0,14,0.3,0.1,0
水果類,樣品平均值,D22001,荔枝平均值,1,"丹荔,荔錦,麗枝,離枝",Lychee; Lichee; Litchi,"生鮮,去皮及子,數顆混合均勻打碎",64,7,81.8,65,0.2,1,14.1,0,0.03,0.06,0.09,52.3,0.17,0,16.5,0.8,14.9,7,0.1,1,4,185,0.043,0.3,0,14,0.1,0.1,0
水果類,樣品基本資料,D3400204,高牆桶柑,2,"年柑,草山柑,焦柑,蜜桶,漳柑,草山桔(桶柑)",Tankan; Tankan orange,"生鮮,去皮去子,混合均勻打碎",43,0,87.1,45,0,0.8,0,749,0.06,0.05,0.06,27.9,0.41,0,11.8,1.4,0,0,0,1,17,122,0,0.1,0,14,0.2,0,0
水果類,樣品基本資料,D2700203,國產甜柿,1,"柿子,柹,香柿",Persimmon,"生鮮,去蒂,混合均勻打碎",46,5.6,86.6,47,0.1,0.4,11.6,200,0.02,0,0,23.4,0.06,0,12.7,1.1,28.1,6,0,0,4,126,0.008,0,0.416,6,0,0,0
水果類,樣品基本資料,D3000301,將軍蜜梨,1,"梨子,水梨,山褵,快果,果宗(三星上將梨)",Pear,"生鮮,高接梨,去皮及核,混合均勻打碎",48,0,86,50,0.1,0.4,0,0,0.04,0.02,0.04,1.9,0.1,0,13.3,0.9,2.7,0,0,0,12,114,0,0.4,0,7,0.7,0,0
水果類,樣品基本資料,D3000302,梨山蜜梨,1,"梨子,水梨,山褵,快果,果宗",Pear,"生鮮,高接梨,去皮及核,混合均勻打碎",44,5.2,86.6,47,0,0.3,8.2,0,0.03,0.03,0,2.9,0.06,0,12.7,1.6,0,1.8,1.1,0,1,123,0,0.1,0,4,0,0,0
水果類,樣品平均值,D20001,甜瓜平均值(光皮洋香瓜),1,"甜瓜,甘瓜,果瓜,香瓜,梨仔瓜,澎湖瓜,洋香瓜",Melon; Cantaloupe; Honeydew melon; Maskmelon,"生鮮,光皮洋香瓜種,去皮及籽,切塊混合均勻打碎",29,2.2,91.4,30,0.1,0.9,6,112,0.02,0.02,0.08,10.8,0.13,3.97,7.2,0.6,5.6,2,1.9,13,9,225,0.078,0.3,0,9,0.3,0.1,0
水果類,樣品平均值,D20002,甜瓜平均值(東洋系脆瓜),1,"甜瓜,甘瓜,果瓜,香瓜,梨仔瓜,澎湖瓜",Melon; Cantaloupe; Honeydew melon; Maskmelon,"生鮮,東洋系脆瓜種,去皮及籽,切塊混合均勻打碎",36,3.2,89.3,37,0.2,1,8.5,76,0.04,0.03,0.09,19.8,0.19,0,8.9,0.5,14.3,3.1,2.1,9,8,330,0.001,0.3,0,11,0.3,0.1,0
水果類,樣品平均值,D20004,甜瓜平均值(網紋洋香瓜),3,"甜瓜,甘瓜,果瓜,香瓜,梨仔瓜,澎湖瓜,洋香瓜,網仔瓜,哈蜜瓜",Melon; Cantaloupe; Honeydew melon; Maskmelon,"生鮮,網紋洋香瓜種,去皮及籽,切塊混合均勻打碎",36,2.8,89.3,37,0,0.9,6.8,1080,0.04,0.03,0.12,15.2,0.25,0,9.3,0.6,14.6,2.8,1.3,13,8,270,0.098,0.4,0,14,0.5,0,0
水果類,樣品基本資料,D2700202,甜柿(進口),3,"柿子,柹,香柿",Persimmon,"生鮮,甜柿,去皮,去蒂,混合均勻打碎",55,0,83.7,57,0.1,0.6,0,1105,0.02,0.02,0.04,75.9,0.07,0,15.3,1.4,0,0,0,5,7,138,0,0.1,0,6,0.7,0,0
水果類,樣品平均值,D27002,甜柿平均值,2,"柿子,柹,香柿",Persimmon,"生鮮,甜柿,去皮, 去蒂, 數個混合均勻打碎",55,6,84,57,0.1,0.5,13,639,0.02,0.02,0.05,44.8,0.12,0,15.2,1.2,0,7,0,3,8,131,0,0.2,0,5,0.4,0,0
水果類,樣品基本資料,D2800102,甜蜜桃,1,"毛桃,白桃",Peach,"生鮮,水蜜桃,去籽,混合均勻打碎",36,0.9,88.9,39,0.2,0.9,6.7,17,0.01,0.04,0.03,6.6,0.74,0,9.6,2,5.7,0.9,4.9,0,5,224,0.001,0.2,0,8,0.3,0.1,0
水果類,樣品基本資料,D1100202,甜蜜蜜鳳梨,1,"旺來,波羅,黃萊,黃梨,王萊(台農16號)",Pineapple,"生鮮,雜交種,去皮,混合均勻打碎",41,0,87.9,42,0.1,1,0,102,0.12,0.04,0.24,6,0.03,0,10.6,0.9,0,0,0,0,17,225,0,0.9,0,13,0.4,0,0
水果類,樣品平均值,D36001,甜橙平均值(普遍系),1,"甜橙,柳橙,柳丁,印子柑,廣柑",Mandarin orange; Sweet orange; Lin-cheng (orange);,"生鮮,普遍系,去皮及籽,數粒混合均勻打碎",42,2.2,87.2,46,0.2,0.8,9.1,21,0.08,0.04,0.04,56.8,0.24,0,11.3,2,6.3,2,4.9,3,35,149,0,0.2,0,12,0.2,0.1,0
水果類,樣品基本資料,D4300101,蛋黃果,2,仙桃,Peach; Egg apple; Egg-fruit; Canistel,"生鮮,長形種,去皮及子,混合均勻打碎",96,0,70.3,106,0.3,1.4,0,475,0.06,0.04,0.32,35.2,3.71,0,27.3,6.1,0,0,0,3,20,289,0,0.8,0,11,0.6,0,0
水果類,樣品基本資料,D2100203,凱特芒果,2,"檬果,檨仔,菴羅果",Mango,"生鮮,西洋種,去皮及心,混合均勻打碎",48,3.1,86,50,0.2,1.1,11.3,680,0.05,0.05,0.08,17.3,1.01,0,12.5,1,0,0.5,7.7,1,9,115,0,0.4,0,9,1,0,0
水果類,樣品基本資料,D3200404,富士蘋果,1,"柰,林檎,沙果,海棠,花紅,檳子",Fu-Ji apple,"生鮮,混色,去皮及核,混合均勻打碎",47,6.2,86.3,49,0.1,0.2,10.4,32,0.01,0.01,0.04,2.6,0.11,0,13.1,1.3,0,3.4,0.8,3,4,113,0,0.3,0,3,0.2,0,0
水果類,樣品基本資料,D3200501,富士蘋果(帶皮),1,"柰,林檎,沙果,海棠,花紅,檳子",Fu-Ji apple,"生鮮,混色,帶皮去核,混合均勻打碎",42,5.8,87.6,45,0.1,0.2,9.4,0,0.02,0.01,0.05,4.9,0.19,0,11.9,1.7,0,2.8,0.8,3,6,94,0,0.1,0,4,0.1,0,0
水果類,樣品基本資料,D2700201,富有甜柿(大雪山),1,"柿子,柹,香柿",Persimmon,"皮, 去蒂, 混合均勻打碎",55,6,84.2,57,0.1,0.4,13,133,0.02,0.02,0.06,13.6,0.17,0,15.1,1.1,0,7,0,0,8,124,0,0.3,0,5,0.2,0,0
水果類,樣品基本資料,D3400101,椪柑,2,"橘子,蘆柑,壼柑,凸柑,乳柑,潮州柑",Tangerine; Ponkan,"生鮮,去皮去子,混合均勻打碎",38,1.5,88.7,40,0.2,0.8,6.8,571,0.08,0.06,0.05,25.5,0.15,0,10,1.5,8.2,1.3,4.1,2,21,74,0,0.3,0,8,0.3,0,0
水果類,樣品基本資料,D1900301,無子西瓜,2,"水瓜,寒瓜,夏瓜",Watermelon,"生鮮,無子西瓜,去皮,混合均勻打碎",32,3.2,90.5,33,0,0.9,7.3,612,0.05,0.03,0.04,7.9,0.07,0,8.2,0.6,0,1.3,2.9,1,15,150,0,0.4,0,16,0.3,0,0
水果類,樣品基本資料,D1500205,無子芭樂,1,"番石榴,芭樂,拔仔,扒仔,朳仔,那拔仔,藍拔",Guava: seedless,"生鮮,圓形,黃綠皮白肉,去蒂及籽,混合均勻打碎",29,0,90.4,33,0,0.7,0,57,0.03,0.02,0.05,93.1,0.14,0,8.6,2.9,0,0,0,0,4,115,0,3.5,0,5,0,0,0
水果類,樣品基本資料,D1700801,無子紅葡萄(含皮),1,"蒲桃,蒲萄,草龍珠,蒲陶,葡桃",Grape,"生鮮,無子種,紅皮,含皮,混合均勻打碎",71,0,79.9,72,0.1,0.5,0,89,0.04,0.02,0.06,4,0.34,0,19.2,0.6,0,0,0,3,12,194,0,0.4,0,8,0.3,0,0
水果類,樣品基本資料,D4400101,無花果,1,,Fig,"生鮮,去蒂,混合均勻打碎",63,2.9,81.3,67,0.4,1.2,6.1,25,0.03,0,0,1.3,0.8,20.75,16.5,2.5,61.9,3.2,0,9,36,288,0.064,0,0.098,17,0,0.2,0
水果類,樣品基本資料,D2600101,筆柿,2,"柿子,柹,香柿(長柿,珍寶柿,筆干柿)",Persimmon,"生鮮,甜柿,去皮, 去蒂, 混合均勻打碎",63,0,80.6,69,0.1,0.6,0,815,0.04,0.01,0,18.6,0.43,0,18.3,4,0,0,0,2,7,156,0,0.1,0,5,0.3,0,0
水果類,樣品基本資料,D4600101,菠蘿蜜,1,"天波羅,樹波羅",Jack Fruit,"生,冷凍袋裝,混合均勻打碎",103,8.5,69.3,108,0.2,1,23.7,70,0.08,0.05,0.07,0,0.13,0,28.4,2.7,45.5,8.4,6.7,0,18,469,0.107,0,0.278,35,0,0.1,0
水果類,樣品基本資料,D1900101,華寶大西瓜(花蓮),2,"水瓜,寒瓜,夏瓜",Watermelon,"生鮮,紅肉大瓜,長球型,淡綠色皮,去皮及籽,混合均勻打碎",32,2.4,90.6,33,0.1,0.7,7.8,379,0.05,0.03,0.04,7.9,0.06,0,8.4,0.7,0,1.1,4.2,1,17,116,0,0.5,0,10,0.3,0,0
水果類,樣品基本資料,D3800201,萊姆,1,無子檸檬,Lime,"生鮮,去皮,混合均勻打碎",35,0.3,90.5,38,1,0.5,0.9,18,0.03,0.03,0.04,28.1,0.55,0,7.7,1.9,17.9,0.3,0.3,1,23,108,0.038,0.2,0,7,0.3,0.3,0
水果類,樣品基本資料,D3830102,萊姆汁,1,無子檸檬,Lime,"生鮮,榨汁混合均勻",34,0.4,90.9,34,0.5,0.3,1.2,2,0.02,0.01,0.03,15,0.16,0,8.1,0.3,13.2,0.4,0.3,0,11,108,0.022,0.2,0,8,0.1,0.2,0
水果類,樣品基本資料,D3700401,黃皮葡萄柚,1,"西柚,朱欒",Grapefruit; Pomelo,"生鮮,黃皮粉紅肉,去皮,子及內膜,混合均勻打碎",35,2.2,89.6,37,0.2,0.7,6.4,246,0.03,0.02,0.22,36.5,0.2,0,9.2,1.1,0,1.9,2.3,4,20,90,0,0.1,0,10,0.1,0.1,0
水果類,樣品基本資料,D3700301,黃皮葡萄柚(進口),1,"西柚,朱欒",Grapefruit; Pomelo,"生鮮,黃皮白肉,去皮,子及內膜,混合均勻打碎",36,0,89.3,38,0.1,0.7,0,211,0.04,0.02,0.17,33,0.15,0,9.7,1.1,0,0,0,1,16,178,0,0.3,0,8,0.4,0,0
水果類,樣品基本資料,D2400401,黃肉李,1,李子,Plum,"生鮮,黃皮黃肉,去子,混合均勻打碎",34,2.4,90.1,35,0.2,0.4,5.9,112,0.02,0.01,0.01,2.4,0.3,0,8.9,0.9,0,3.4,0.2,0,4,128,0,0.4,0,5,0.7,0.1,0
水果類,樣品基本資料,D4500101,黃金果,1,黃晶果,"Abiu, Caimito","生鮮,去皮(殼)去籽混合均質",43,2,87.7,44,0.2,0.9,10.5,0,0,0.04,0,4.5,0.3,2.75,11,0.9,19.3,1.4,7.2,0,3,99,0.038,0,0.162,7,0,0.1,0
水果類,樣品基本資料,D2000202,黃香瓜,1,"甜瓜,甘瓜,果瓜,香瓜,梨仔瓜,澎湖瓜",Melon; Honeydew melon;,"生鮮,東洋系脆瓜種,橢圓形,黃皮白肉系,去皮及籽,混合均勻打碎",30,0,91,30,0.2,0.6,0,200,0.01,0.04,0.05,18,0,0,7.5,0.6,0,0,0,16,7,240,0,0.2,0,7,0.2,0,0
水果類,樣品基本資料,D2400501,黑李,1,李子,California plum,"生鮮,黑皮黃肉,去子,混合均勻打碎",55,5,83.9,57,0.2,0.7,10.5,185,0.02,0.02,0.04,3.2,0.66,0,14.7,1.4,2.4,5.1,0,0,5,146,0.054,0.3,0,7,0.1,0.1,0.3
水果類,樣品基本資料,D1800102,黑金剛蓮霧,1,"璉霧,輦霧,爪哇蒲桃",Wax(Java) apple; Wax gambuor; Wax jumbo;Bell fruit,"生鮮,粉紅色種,去蒂及籽,混合均勻打碎",32,0,90.3,34,0.1,0.5,0,0,0.03,0.03,0,10.1,0.14,0,8.8,0.9,0,0,0,1,4,95,0,0.2,0,5,0,0,0
水果類,樣品基本資料,D1800103,黑珍珠蓮霧,1,"璉霧,輦霧,爪哇蒲桃",Wax(Java) apple; Wax gambuor; Wax jumbo;Bell fruit,"生鮮,粉紅色種,去蒂及籽,混合均勻打碎",38,5.2,89,39,0.1,0.4,9.9,12,0.03,0.02,0.01,12.2,0.17,0,10.2,0.9,20.1,4.7,0,2,4,107,0,0,0,6,0.3,0,0
水果類,樣品基本資料,D1900203,黑美人西瓜,1,"水瓜,寒瓜,夏瓜",Watermelon,"生鮮,紅肉小瓜,去皮及籽,混合均勻打碎",36,3.7,89.7,36,0.1,0.9,8.9,281,0.05,0.02,0.13,6.5,0.06,0,9.1,0.3,0,1.8,3.3,2,11,111,0,0.2,0,13,0.2,0,0
水果類,樣品基本資料,D1700901,黑美人葡萄(含皮),2,"蒲桃,蒲萄,草龍珠,蒲陶,葡桃",Grape,"生鮮,無子種,黑皮,含皮,混合均勻打碎",65,0,81.6,66,0.1,0.5,0,368,0.05,0.01,0.05,1.8,0.23,0,17.4,0.5,0,0,0,0,8,187,0,0.6,0,7,0,0,0
水果類,樣品基本資料,D2100301,黑香芒果,4,"檬果,檨仔,菴羅果",Mango,"生鮮,南洋種,去皮及心,混合均勻打碎",64,3.4,81.6,66,0.3,0.8,16.6,2239,0.06,0.07,0.35,5,1.07,0,16.9,1.3,0,0.2,13,0,12,165,0,0.3,0,16,0.3,0.1,0
水果類,樣品基本資料,D2200102,黑葉仔荔枝,1,"丹荔,荔錦,麗枝,離枝",Lychee; Lichee; Litchi,"生鮮,去皮及子,混合均勻打碎",60,6.9,82.7,62,0.2,0.9,13.8,0,0.02,0.05,0.07,44.3,0.09,0,15.8,0.9,0,6.7,0.1,2,6,180,0,0.5,0,15,0.2,0,0
水果類,樣品基本資料,D3400302,圓果金柑,1,"金桔,金橘,桔子",Kumquat; Round kumquat,"生鮮,去皮及子,混合均勻打碎",28,0,91,32,0.2,0.7,0,217,0.01,0.04,0.01,38,0,0,7.6,2.2,0,0,0,4,7,110,0,0.1,0,1,0.3,0,0
水果類,樣品基本資料,D3400303,圓果金柑汁(綠皮),1,"金桔,金橘,桔子",Kumquat juice; Round kumquat juice,"生鮮,綠皮,數粒榨汁,混合均勻",30,0.5,90.6,32,0.1,0.9,1.4,0,0.05,0.02,0.11,44.9,0.96,0,8,1.4,0,0.5,0.3,1,37,165,0,0.4,0,17,0.6,0,0
水果類,樣品基本資料,D1700302,意大利葡萄,1,"蒲桃,蒲萄,草龍珠,蒲陶,葡桃",Grape,"生鮮,有子種,綠皮,去皮及子,混合均勻打碎",51,0,85.5,52,0.1,0.5,0,71,0.04,0.01,0.07,1.9,0.18,0,13.7,0.4,0,0,0,0,2,136,0,0.2,0,3,0.2,0,0
水果類,樣品基本資料,D2100204,愛文芒果,4,"檬果,檨仔,菴羅果(蘋果芒果)",Mango,"生鮮,西洋種,去皮及心,混合均勻打碎",41,4.9,88.2,42,0.2,0.4,8.8,1920,0.03,0.04,0.08,23.5,1.25,0,11,0.9,27.1,1.1,2.7,1,6,106,0.009,0.1,0,7,0.1,0.1,0
水果類,樣品基本資料,D2000301,新世紀哈密瓜,2,,,"生鮮,哈蜜瓜種,橢圓形,綠皮橙肉系,去皮及籽,混合均勻打碎",38,2.9,88.7,39,0,0.7,7.5,607,0.02,0.02,0.14,24.7,0.13,0,10.1,0.5,0,2.7,2,9,10,259,0,0.1,0,12,0.2,0,0
水果類,樣品基本資料,D3000203,新世紀梨,1,"梨子,水梨,山褵,快果,果宗",Pear,"生鮮,新世紀梨,去皮及核,混合均勻打碎",39,0,88.3,42,0.2,0.4,0,0,0.02,0.02,0.01,4.2,0.24,0,10.7,1.8,0,0,0,6,3,115,0,0.2,0,5,0.1,0,0
水果類,樣品基本資料,D3000204,新興梨,1,"梨子,水梨,山褵,快果,果宗",Pear,"生鮮,新興梨,去皮及核,混合均勻打碎",42,0,87.5,44,0.1,0.2,0,0,0.03,0.02,0.08,2.9,0.02,0,11.9,1.4,0,0,0,0,2,145,0,0.4,0,6,0,0,0
水果類,樣品基本資料,D2000302,新疆哈蜜瓜,5,"甜瓜,甘瓜,果瓜,香瓜,梨仔瓜,澎湖瓜,網仔瓜",Melon; Cantaloupe; Musk melon,"生鮮,哈蜜瓜種,去皮及籽,混合均勻打碎",27,0,91.8,28,0.1,0.7,0,3425,0.01,0.01,0.02,25.5,0,0,6.9,0.7,0,0,0,29,15,190,0,0.3,0,14,0.3,0,0
水果類,樣品基本資料,D1600105,楊桃(11月取樣),1,"羊桃,洋桃,陽桃,五稜子,五斂子",Star fruit; Carambola,"生鮮,去陵線及籽,混合均勻打碎",29,0,91.2,31,0,0.4,0,93,0.03,0.03,0.02,32.3,0.09,0,8,1,0,0,0,0,1,151,0,0.3,0,6,0.3,0,0
水果類,樣品基本資料,D1600101,楊桃(2月取樣),1,"羊桃,洋桃,陽桃,五稜子,五斂子",Star fruit; Carambola,"生鮮,去陵線及籽,混合均勻打碎",27,0,91.6,29,0.1,0.4,0,0,0.02,0.03,0.03,43,0.24,0,7.6,1.5,0,0,0,0,2,136,0,0.5,0,4,0.2,0,0
水果類,樣品基本資料,D1600102,楊桃(4月取樣),1,"羊桃,洋桃,陽桃,五稜子,五斂子",Star fruit; Carambola,"生鮮,去陵線及籽,混合均勻打碎",30,3.4,90.7,32,0.1,0.7,6.3,52,0.02,0.03,0.04,57.8,0.51,0,8.1,1.5,6.1,2.9,0,0,3,168,0.094,0.1,0,8,0.1,0,0
水果類,樣品基本資料,D1600103,楊桃(5月取樣),1,"羊桃,洋桃,陽桃,五稜子,五斂子",Star fruit; Carambola,"生鮮,去陵線及籽,混合均勻打碎",33,0,90.2,34,0.1,0.6,0,0,0.03,0.03,0.07,36.5,0.17,0,8.7,0.9,0,0,0,0,2,171,0,0.2,0,6,0,0,0
水果類,樣品基本資料,D1600104,楊桃(9月取樣),1,"羊桃,洋桃,陽桃,五稜子,五斂子",Star fruit; Carambola,"生鮮,去陵線及籽,混合均勻打碎",31,0,90.5,33,0,0.5,0,34,0.04,0.03,0.11,52.1,0.44,0,8.8,1.4,0,0,0,0,1,133,0,0.7,0,6,0.2,0,0
水果類,樣品平均值,D16001,楊桃平均值,1,"羊桃,洋桃,陽桃,五稜子,五斂子",Star fruit; Carambola,"生鮮,去陵線及籽,切塊混合均勻打碎",30,3.4,90.8,32,0.1,0.5,6.3,36,0.03,0.03,0.06,44.3,0.29,0,8.2,1.3,6.1,2.9,0,0,2,152,0.094,0.4,0,6,0.2,0,0
水果類,樣品基本資料,D2100205,聖心芒果,2,"檬果,檨仔,菴羅果",Mango,"生鮮,西洋種,去皮及心,混合均勻打碎",48,2.5,86.3,50,0.2,0.5,10.6,823,0.04,0.07,0.11,38.9,1.54,0,12.9,1.3,0,0.8,7.2,0,12,112,0,0,0,7,0,0.1,0
水果類,樣品基本資料,D0900201,酪梨(室溫存放0天),1,"牛油果(梨),黃油果(梨),油梨,鰐(鱷)梨,幸福果,樂天果",Avocado; Aligator-pear; Avocado pear,"生鮮,綠皮,室溫存放0天,去皮及籽,混合均勻打碎",73,0.2,85,80,5.9,1.5,0.3,142,0.06,0.18,0.39,20.2,1.39,0,7.1,4.2,0,0.2,0,0,3,291,0,0.5,0,20,0,1.7,0
水果類,樣品基本資料,D0900301,酪梨(室溫存放3天),1,"牛油果(梨),黃油果(梨),油梨,鰐(鱷)梨,幸福果,樂天果",Avocado; Aligator-pear; Avocado pear,"生鮮,綠皮轉紅,室溫存放3天,去皮及籽,混合均勻打碎",80,0.1,84.8,84,6.8,1.4,0.3,101,0.06,0.22,0.46,12,1.79,0,6.3,2.9,0,0.2,0,0,3,361,0,0.5,0,19,0,2,0
水果類,樣品基本資料,D0900401,酪梨(室溫存放6天),1,"牛油果(梨),黃油果(梨),油梨,鰐(鱷)梨,幸福果,樂天果",Avocado; Aligator-pear; Avocado pear,"生鮮,紅皮,室溫存放6天,去皮及籽,混合均勻打碎",83,0.4,83.2,92,7.6,1.5,0.9,79,0.06,0.17,0.4,5.1,1.87,0,6.6,5.7,0,0.5,0,1,4,385,0,0.6,0,24,0,2.2,0
水果類,樣品基本資料,D0900101,酪梨(綠皮),2,"牛油果(梨),黃油果(梨),油梨,鰐(鱷)梨,幸福果,樂天果",Avocado; Aligator-pear; Avocado pear,"生鮮,綠皮,去皮及籽,混合均勻打碎",60,0.6,86.1,65,3.7,1.6,0.9,424,0.05,0.1,0.23,9.9,1.38,0,7.9,3.4,0,0.3,0,2,6,251,0,0.7,0,19,0.3,1.1,0
水果類,樣品基本資料,D2000203,嘉玉甜瓜,1,"甜瓜,甘瓜,果瓜,香瓜,梨仔瓜,澎湖瓜",Melon; Honeydew melon;,"生鮮,東洋系脆瓜種,扁圓形,白綠皮肉系,去皮及籽,混合均勻打碎",42,2.5,87.6,43,0.1,1.3,8.9,0,0.05,0.02,0.14,18.7,0.17,0,10.4,0.6,0,2.2,4.2,4,6,413,0,0.3,0,13,0.3,0,0
水果類,樣品基本資料,D1900501,嘉寶瓜,5,"水瓜,寒瓜,夏瓜(嘉寶兵瓜)",,"生鮮,澄肉西瓜,橢圓形,去皮,混合均勻打碎",40,0,88.7,40,0.2,0.8,0,3968,0.03,0.03,0,6.9,0,0,10,0.4,0,0,0,9,3,80,0,0.2,0,7,0.5,0,0
水果類,樣品基本資料,D1000101,榴槤,1,"榴蓮,流連,山韶子",Durian,"生鮮,去皮去子,混合均勻打碎",127,1.8,64.7,132,1.9,2.7,18.4,28,0.2,0.19,0.32,44.3,2.08,2.21,29.7,3.2,138,1.3,14.9,2,23,459,0.162,0.5,0.362,107,0.3,0.7,0.3
水果類,樣品基本資料,D2800203,福壽桃,1,"桃子,脆桃,甜桃",Peach,"生鮮,脆桃,去籽,混合均勻打碎",42,1.9,86.4,47,0.2,0.9,6.4,0,0.01,0.03,0.02,8.5,1.08,0,11.9,3.1,0,1.4,3.2,0,9,238,0,0.5,0,10,0.3,0,0
水果類,樣品平均值,D17003,綠葡萄平均值,2,"葡萄,蒲桃,蒲萄,草龍珠,蒲陶,葡桃",Grape,"生鮮,有子種,綠皮,去皮及子,數顆混合均勻打碎",57,0,83.7,58,0.2,0.5,0,506,0.05,0.01,0.06,3.2,0.23,0,15.3,0.4,0,0,0,4,3,150,0,0.2,0,4,0.2,0,0
水果類,樣品基本資料,D3200102,翠玉青蘋果,1,"柰,林檎,沙果,海棠,花紅,檳子(翡翠,青玉,史蜜斯)",Apple,"生鮮,青皮,去皮及核,混合均勻打碎",43,5.6,87.1,46,0.1,0.3,9.6,54,0.09,0.01,0.03,3.4,0.09,0,12.2,1.7,0,2.8,1.3,3,3,102,0,0.2,0,3,0.2,0.1,0
水果類,樣品基本資料,D3200201,翠玉青蘋果(帶皮),1,"柰,林檎,沙果,海棠,花紅,檳子(翡翠,青玉,史蜜斯)",Apple,"生鮮,青皮,帶皮去核,混合均勻打碎",50,5.5,85,54,0.2,0.4,10.1,98,0.03,0.01,0.03,2.4,0.13,0,14.1,2.3,0,3.2,1.5,5,5,136,0,0,0,6,0.2,0.1,0
水果類,樣品基本資料,D2400102,翡翠李,1,李子,Plum,"生鮮,青皮黃肉,去子,混合均勻打碎",46,0,87,48,0.5,0.7,0,101,0.02,0.02,0.04,2.8,0.44,0,11.4,1.3,0,0,0,0,4,140,0,0.2,0,7,0.4,0,0
水果類,樣品基本資料,D2000103,蜜世界洋香瓜,1,"甜瓜,甘瓜,果瓜,香瓜,梨仔瓜,澎湖瓜,洋香瓜",Melon; Honeydew melon;,"生鮮,光皮洋香瓜種,長球形,白綠皮綠肉系,去皮及籽,混合均勻打碎",28,2.3,91.6,29,0.1,0.7,6.6,94,0.03,0.01,0.1,13.4,0.15,3.97,7.1,0.9,0,1.7,2.6,19,10,176,0,0.5,0,7,0.4,0.1,0
水果類,樣品基本資料,D3100102,蜜棗(圓形),1,"棗子,棗仔(蜜絲棗)",Indian jujube,"生鮮,大印度棗,去蒂及子,混合均勻打碎",41,3.7,87.6,44,0.1,0.9,7.3,75,0.03,0.03,0.04,37.2,0.18,0,11,1.6,6.6,3.6,0,1,8,174,0,0.2,0,5,0.3,0,0
水果類,樣品基本資料,D2400307,蜜棗李(進口),1,李子,Prune,"生鮮,紅皮黃肉,去子,混合均勻打碎",51,0,85.2,53,0.2,0.6,0,0,0.02,0,0.07,3.1,0.28,0,13.6,1.4,0,0,0,0,6,174,0,0.1,0,6,0.2,0,0
水果類,樣品基本資料,D1900204,鳳光西瓜,3,"水瓜,寒瓜,夏瓜",,"生鮮,紅肉小瓜,長球型,深淺綠色條紋相間,,鮮紅肉色,去皮及籽,混合均勻打碎",27,3.7,92.3,27,0.2,0.7,5.6,1353,0.05,0.08,0.09,7.1,0.07,0,6.5,0.5,4,1.8,0,1,4,162,0,0,0,12,0.2,0.1,0
水果類,樣品平均值,D11002,鳳梨平均值(雜交種),1,"鳳梨,旺來,波羅,黃萊,黃梨,王萊",Pineapple,"生鮮,雜交種,去皮,切塊混合均勻打碎",51,3.4,85.2,53,0.1,0.7,11.6,29,0.08,0.04,0.15,12,0.04,0,13.6,1.1,11.2,3,5.2,0,10,162,0,0.4,0,12,0.3,0.1,0
水果類,樣品基本資料,D1200201,鳳梨釋迦,1,"旺來釋迦,奇美釋迦,蜜釋迦",Atemoya; custard apple,"生鮮,去皮及子,混合均勻打碎",99,4,71.5,102,0.4,1.5,19.6,0,0.1,0.1,0.21,27.3,0.16,0,26,1.7,17.3,3.9,11.6,2,15,258,0,0.2,0,26,0.5,0.2,0
水果類,樣品基本資料,D2100407,蓮花芒果,2,"檬果,檨仔,菴羅果",Mango,"生鮮,新興種,去皮及心,混合均勻打碎",46,3.7,86.8,47,0.2,0.4,10.5,657,0.03,0.04,0.35,5.9,1.06,0,12.2,0.8,0,0.3,6.5,0,9,95,0,0.4,0,9,0,0.1,0
水果類,樣品平均值,D18001,蓮霧平均值(粉紅色種),1,"璉霧,輦霧,爪哇蒲桃",Wax(Java) apple; Wax gambuor; Wax jumbo;Bell fruit,"生鮮,粉紅色種,去蒂及籽,數粒混合均勻打碎",34,3.1,90.1,35,0.2,0.4,5.8,10,0.03,0.02,0.03,10,0.17,0,9,0.8,20.1,2.7,0,2,3,95,0,0.2,0,6,0.1,0,0
水果類,樣品基本資料,D3000205,橫山梨,1,"梨子,水梨,山褵,快果,果宗(三灣冬梨,粗梨)",Pear,"生鮮,橫山梨,去皮及核,混合均勻打碎",44,0,86.8,47,0.1,0.4,0,0,0.02,0.06,0.05,3.1,0.2,0,12.4,1.9,0,0,0,5,2,131,0,0.3,0,6,0.1,0,0
水果類,樣品基本資料,D3600103,澳洲甜橙(進口),1,"甜橙,柳橙,柳丁,印子柑,廣柑",Orange: Australia,"生鮮,普遍系,去皮及籽,混合均勻打碎",43,2.3,87,46,0.1,0.9,9.6,29,0.09,0.04,0.07,54.6,0.32,0,11.6,1.7,0,1.9,5.4,3,36,156,0,0.4,0,13,0.1,0,0
水果類,樣品基本資料,D2300101,龍眼,1,"桂圓,龍目,圓眼",Longan; Longana Longan,"生鮮,去殼及子,混合均勻打碎",69,2.3,79.7,72,0.4,1.1,15.2,0,0.01,0.14,0.11,95.4,0.09,0,18,1.8,0,2.5,10.4,3,5,282,0,0.3,0,9,0.4,0.2,0
水果類,樣品基本資料,D3800101,檸檬,1,,Lemon,"生鮮,去皮去子,混合均勻打碎",31,0.4,91,33,0.5,0.7,0.9,0,0.07,0.01,0.03,34,0.55,0,7.3,1.2,0,0.5,0.1,4,26,150,0,0.1,0,10,0.2,0.2,0
水果類,樣品基本資料,D3800301,檸檬汁(黃皮),1,,Lemon juice,"生鮮,榨汁混合均勻",30,0.7,91.7,30,0.3,0.5,1.7,0,0.03,0.03,0.05,42.3,0.4,0,7.2,0.1,0,0.8,0.2,1,11,102,0,0.1,0,7,0,0.1,0
水果類,樣品基本資料,D3800302,檸檬汁(綠皮),1,,Lemon juice,"生鮮,榨汁混合均勻",31,0.3,91.8,31,0.6,0.4,0.8,0,0.04,0.01,0.04,39.3,0.26,0,6.9,0.3,0,0.4,0,1,12,144,0,0.2,0,11,0.1,0.2,0
水果類,樣品平均值,D38003,檸檬汁平均值,1,,Lemon juice,"生鮮,數顆榨汁混合均勻",30,0.5,91.7,31,0.4,0.5,1.2,0,0.03,0.02,0.05,40.8,0.33,0,7,0.2,0,0.6,0.1,1,11,123,0,0.1,0,9,0,0.1,0
水果類,樣品基本資料,D3400205,檸檬柑,1,"三寶柑,甜檸檬",Citrus sulcata Hort. ex Takahashi,"生鮮,去皮及子,混合均勻打碎",45,2.3,86.1,48,0.1,1.1,8.1,0,0.07,0.03,0.11,36.8,0.43,0,12.2,1.9,0,2.1,3.6,1,34,161,0,0.1,0,10,0,0,0
水果類,樣品基本資料,D2000406,藍寶石洋香瓜,4,"甜瓜,甘瓜,果瓜,香瓜,梨仔瓜,澎湖瓜,洋香瓜,網仔瓜,哈蜜瓜",Melon; Honeydew melon;,"生鮮,網紋洋香瓜種,球形,綠皮綠肉系,去皮及籽,混合均勻打碎",32,0,90.2,34,0,1.1,0,2019,0.04,0.02,0.2,18.7,0.95,0,8.2,1,0,0,0,12,12,378,0,0.4,0,14,0.5,0,0
水果類,樣品基本資料,D2800301,蟠桃,1,餅桃,Peach,"生鮮,蟠桃,去籽,混合均勻打碎",43,1.3,87.3,45,0.2,0.9,8.6,0,0.01,0.04,0.03,6.8,0.8,0,11.3,1.7,0,1,6.3,0,13,185,0,0.4,0,9,0.3,0.1,0
水果類,樣品基本資料,D3000206,豐水梨,1,"梨子,水梨,山褵,快果,果宗",Pear,"生鮮,豐水梨,去皮及核,混合均勻打碎",35,4.6,89.7,36,0.1,0.5,6.9,0,0.04,0.02,0.01,4.5,0.13,0,9.4,1,6.6,1.8,0.5,0,2,157,0.011,0.2,0,6,0.1,0,0
水果類,樣品平均值,D32001,蘋果平均值(青皮),3,"柰,林檎,沙果,海棠,花紅,檳子",Apple,"生鮮,青皮,去皮及核,數顆混合均勻打碎",47,6.7,86.3,49,0.2,0.3,11.6,919,0.05,0.01,0.04,3.1,0.07,0,13,1.5,0,2.5,2.4,4,4,113,0,0.2,0,4,0.1,0.1,0
水果類,樣品平均值,D32004,蘋果平均值(混色),1,"柰,林檎,沙果,海棠,花紅,檳子",Apple,"生鮮,混色,去皮及籽,數粒混合均勻打碎",49,6.6,85.6,51,0.1,0.2,11.1,12,0.02,0.01,0.04,2.9,0.11,0,13.9,1.3,0,2.8,1.7,1,4,114,0,0.4,0,3,0.1,0,0
水果類,樣品基本資料,D1200101,釋迦,1,"番荔枝,釋迦果,佛頭果,番梨",Sugar apple; Sweet sop; Custard apple;,"生鮮,去皮及子,混合均勻打碎",100,8.3,70,104,0.1,2.2,16,0,0.02,0.14,0.05,99,0,0,26.6,2.7,0,7.6,0.1,7,18,390,0,0.2,0,29,0.3,0.1,0
水果類,樣品基本資料,D3300101,櫻桃,1,"中國櫻桃又稱鶯桃,荊桃",Cherry;,"生鮮,紅皮,去子,混合均勻打碎",73,0,78.8,75,0.3,1.2,0,20,0.02,0.04,0.04,10.7,0.13,0,19.1,1.3,0,0,0,2,15,236,0,0.2,0,13,0.2,0,0
水果類,樣品基本資料,D2800204,鶯哥桃,1,"桃子,脆桃,甜桃",Peach,"生鮮,脆桃,去籽,混合均勻打碎",38,1.1,87.9,42,0.2,1,5.2,0,0.01,0.03,0.02,7.4,1.15,0,10.5,2.7,0,0.8,3.2,0,6,249,0,0.5,0,8,0.6,0.1,0
